index,disease_name,description,Possible Steps,image_url
0,苹果:黑斑病,"苹果黑斑病是明尼苏达州苹果树和海棠树最常见的疾病。
黑斑病是由一种真菌引起的，感染叶子和果实。
有黑斑的果实通常不适合食用。 
感染的叶子上有橄榄绿色到棕色的斑点。
有许多叶斑的叶子会变黄并提前脱落。
多年来的叶子损失会削弱树木。
种植抗病品种是管理黑斑病的最佳方法。","尽可能选择抗病品种。
在树下清理并销毁感染的叶子，以减少可用于重新开始疾病循环的真菌孢子的数量。
在傍晚或清晨浇水（避免 overhead 灌溉），以便叶子有时间在感染发生之前干燥。
在树下铺一层 3 到 6 英寸的堆肥，远离树干，以覆盖土壤并防止真菌孢子的飞溅传播。
为了获得最佳控制效果，提前两周喷洒液体铜皂，通常在症状出现之前。或者，在疾病首次出现时开始施药，并在花落前每7到10天重复一次。",https://yezhiaigc.oss-cn-guangzhou.aliyuncs.com/leaf/1.jpg
1,苹果:黑腐病,"叶片症状在春季早期首次出现，当叶子展开时。
它们表现为叶片上表面的小紫色斑点，随后扩大成直径为1/8到1/4英寸（3-6毫米）的圆形病斑。
病斑的边缘保持紫色，而中心变为褐色。几周后，这些叶斑的次级扩大发生。
重度感染的叶片变得黄化并发生落叶。
随着腐烂区域的扩大，形成一系列宽度均匀的同心环，颜色交替为黑色和褐色。腐烂区域的肉质仍然坚硬且皮革状。黑色小孢子体常常出现在感染果实的表面。",通过修剪至少15英寸以下的癌肿来去除，并将其焚烧或埋葬。在新季节的修剪中也要采取预防措施，并将其焚烧。你最好在休眠季节进行修剪。这将减少火焰枯萎病感染你的树木并产生易受Botryosphaeria感染的死组织的几率。如果树皮因冰雹受损，或在风暴中树枝折断，你也应该采取预防措施。使用基于铜的杀真菌剂可以防止黑腐病和火焰枯萎病。,https://yezhiaigc.oss-cn-guangzhou.aliyuncs.com/leaf/1h.jpg
2,苹果:雪松锈病,雪松苹果锈病（Gymnosporangium juniperi-virginianae）是一种真菌病害，需要雪松植物来完成其复杂的两年生命周期。孢子在各种雪松种类的年轻枝条上以红褐色的肿瘤形式越冬。在早春的潮湿天气中，这些肿瘤膨胀，明亮的橙色孢子团被风吹散，感染易感的苹果和蟹苹果树。在这些树上发育的孢子只会在下一年感染雪松。每年，疾病必须从杜松传播到苹果树，再回到杜松；它不能在苹果树之间传播。,"选择可用的抗病品种。
清理并处理树下的落叶和其他杂物。
去除感染杜松的肿瘤。在某些情况下，杜松植物应完全移除。
在芽破裂时开始每周施用标明可用于苹果树的预防性抗病杀真菌剂，以保护树木免受杜松宿主释放的孢子的侵害。这种情况每年只发生一次，因此在春季传播后不需要额外的施用。
在杜松上，可以通过在8月底到10月底之间喷洒铜溶液（每加仑水0.5到2.0盎司）来控制锈病。
大多数真菌和细菌疾病可以安全地使用SERENADE Garden进行处理。这种广谱生物杀真菌剂使用了一种专利的枯草芽孢杆菌菌株，注册为有机使用。最重要的是，SERENADE对蜜蜂和有益昆虫完全无毒。",https://yezhiaigc.oss-cn-guangzhou.aliyuncs.com/leaf/2.jpg
3,苹果:健康,与大多数水果一样，苹果在充足阳光下生长时产量最佳，这意味着每天需要六小时或更多的直射夏季阳光。苹果的最佳光照位置是房子的北侧、树木的边缘或高地，而不是南侧。苹果树需要排水良好的土壤，但应能保持一定的湿度。,"苹果富含营养。
苹果可能有助于减肥。
苹果可能对你的心脏有益。
它们与降低糖尿病风险相关。
它们可能具有益生元效果，促进良好的肠道细菌。
苹果中的物质可能有助于预防癌症。",https://yezhiaigc.oss-cn-guangzhou.aliyuncs.com/leaf/43698436-red-apple-on-a-branch-of-an-apple-tree-on-a-sunny-day-organic-farmingagriculture-fresh-healthy-natur.jpg
4,没有叶子的背景,给定图像中没有叶子,请重新上传带有叶子的图像,https://yezhiaigc.oss-cn-guangzhou.aliyuncs.com/leaf/img_332817.png
5,蓝莓:健康,"蓝莓热量低但营养丰富。...
蓝莓是抗氧化食品之王。...
蓝莓减少DNA损伤，可能有助于保护免受衰老和癌症的影响。...
蓝莓保护你血液中的胆固醇不被损坏。...
蓝莓可能降低血压。",深层低pH的覆盖物，如泥炭苔、松针或经过良好老化的锯末，可以保持水分并最小化土壤水分波动。在白天给蓝莓植物浇水。保持土壤湿润但不潮湿。在生长季节每周至少给予1英寸的水，在果实成熟期间每周可达4英寸。蓝莓是一种浅根植物。因此，它需要一种能够保持水分但又能良好排水且不易保持湿润的土壤。不要在重粘土土壤中种植蓝莓，这些土壤容易保持湿润。,https://yezhiaigc.oss-cn-guangzhou.aliyuncs.com/leaf/5.jpg
6,樱桃:白粉病,初期症状通常在第一次灌溉后7到10天出现，表现为年轻易感叶片（新展开的、浅绿色的扩展叶片）上出现轻微的圆形粉状斑点。老叶对白粉病发展出与年龄相关的（发育性）抗性，自然比年轻叶片更能抵抗感染。注意根吸芽、树冠内部或树叉处的早期叶片感染，这些地方湿度较高。与其他真菌相比，白粉病不需要自由水来发芽，但高湿度有利于发芽和真菌生长。该病更可能在叶子的背面（腹面）开始，但在后期阶段会出现在两面。随着季节的推移，感染通过风传播，叶子可能会变形，向上卷曲。严重感染可能导致叶子皱缩和扭曲。新发芽的新叶逐渐变小，通常呈苍白色，可能会变形。,消毒切割边缘，然后立即修剪并丢弃植物的病变部分。同时，施用杀真菌剂以保护果树上剩余的叶子。您需要根据标签说明重复施用杀真菌剂，以在整个季节内保护树木。,https://yezhiaigc.oss-cn-guangzhou.aliyuncs.com/leaf/Fig1.png
7,樱桃:健康,"酸樱桃和甜樱桃的护理没有区别。
施加覆盖物以保持湿度。
在树上覆盖网以保护果实免受鸟类侵害。
在干燥地区定期浇水。
樱桃树通常在初夏自然疏果，因此不需要疏果。","富含营养。
富含抗氧化剂和抗炎化合物。
可以促进运动恢复。
可能有益于心脏健康。
可能改善关节炎和痛风的症状。
可能改善睡眠质量。
易于添加到饮食中。",https://yezhiaigc.oss-cn-guangzhou.aliyuncs.com/leaf/127086189-cherry-on-branch-with-green-leaf-healthy-food-fresh-fruit-two-ripe-berries-of-a-cherry-on-a-branch-l.jpg
8,玉米:叶斑病 | 灰叶斑,玉米上的灰叶斑病是由真菌Cercospora zeae-maydis引起的，是美国一种常见且经济损失严重的疾病。自1990年代中期以来，该病在印第安纳州的重要性不断增加，现在已成为该州最重要的玉米叶部疾病之一。灰叶斑病是由真菌Pyricularia grisea引起的，也称为Magnaporthe grisea。佛罗里达常见的频繁温暖雨季为这种真菌病创造了有利条件。这种真菌减缓生长，稀疏已建立的植株，并可能杀死大片的圣树。,"深度灌溉，但要不频繁。
在疾病活跃期间避免在草坪上使用后生长除草剂。
避免使用中到高氮肥料水平。
改善草坪的空气流通和光照水平。
以适当的高度修剪草坪，并仅在草坪干燥时修剪。",https://yezhiaigc.oss-cn-guangzhou.aliyuncs.com/leaf/330px-Gray_leaf_spot_Cercospora_zeae-maydis_5465607.png
9,玉米:常见锈病,尽管在整个生长季节的玉米田中总能找到一些锈病小孢子，但症状通常在抽穗后才会出现。这些可以通过在玉米叶的上下表面上散布的深红褐色小孢子（尿囊）来轻松识别并与其他疾病区分开。这些小孢子可能出现在植物的任何地上部分，但在叶子上最为丰富。小孢子的形状呈椭圆形到延长形，通常较小，长度少于1/4英寸，并被叶表皮层包围，叶表皮层在此处已破裂。 ,为了减少玉米锈病的发生，种植仅具有抗真菌能力的玉米。抗性可以是特定种类的抗性或部分锈病抗性。在任何情况下，没有甜玉米是完全抗病的。如果玉米开始出现感染症状，立即喷洒杀真菌剂。,https://yezhiaigc.oss-cn-guangzhou.aliyuncs.com/leaf/PLNTPTH-CER-02_Figure_1.png
10,玉米:北部叶斑病,北部玉米叶斑病（NCLB）是由真菌Setosphaeria turcica引起的。症状通常首先出现在下部叶片上。叶片病斑呈长条形（1到6英寸）和椭圆形，最初为灰绿色，但随后变为浅灰色或棕褐色。在潮湿条件下，通常在下叶表面产生深灰色孢子，使病斑呈现出“肮脏”的灰色外观。在严重受害的植物上，整个叶片可能会枯死，因此个别病斑不可见。病斑可能出现在耳朵的外壳上，但籽粒并未受到感染。在含有抗真菌Ht基因的杂交种上，病斑较小，呈氯osis，可能发展成线状条纹。这些病斑很少产生孢子。,施用杀真菌剂减少了北部玉米叶斑病的损害，并保护了产量。在易感玉米杂交种中，杀真菌剂的价值在减少产量方面更高。杀菌剂在疾病发生时施用效果最佳。疾病发生的生长阶段各不相同，因此施用杀菌剂的最佳阶段也不同。,https://yezhiaigc.oss-cn-guangzhou.aliyuncs.com/leaf/NLB-Daren-Mueller-02.jpg
11,玉米:健康,玉米植物在白天的最佳温度为75到80华氏度，夜间为65到70华氏度。土壤应保持持续湿润，但不能过于潮湿，且每六个月只需施肥一次。尽管龙血树可以在低光条件下生存，但在明亮但间接的光线下生长最好。植物产生少量黄叶是正常现象，不必过于担心。然而，如果一次性产生大量黄叶，比如五六片，可能是浇水过多或植物缺乏光照。,玉米有多种健康益处。由于其高纤维含量，玉米有助于消化。它还含有重要的B族维生素，对整体健康至关重要。玉米还为我们的身体提供了锌、镁、铜、铁和锰等必需矿物质。,https://yezhiaigc.oss-cn-guangzhou.aliyuncs.com/leaf/young-healthy-green-leaves-of-corn-maize-plant-in-pretty-unfolding-A85TR2.jpg
12,葡萄:黑腐病,葡萄黑腐病是一种由子囊菌引起的真菌病害，病原菌为Guignardia bidwellii，主要在炎热潮湿的天气中侵袭葡萄藤。葡萄黑腐病起源于北美东部，但现在在欧洲、南美和亚洲的部分地区也有发生。在温暖潮湿的气候中，它可能导致完全的作物损失，但在干燥的夏季地区几乎没有发生。这个名字来源于生长的棕色斑块周围的黑色边缘。该病害还会侵袭植物的其他部分，所有绿色部分:嫩枝、叶子和果实的茎、卷须以及果实。对果实的损害是最严重的。,Mancozeb以BONIDE MANCOZEB FLOWABLE杀菌剂的形式提供。它含有37%的Mancozeb，应该对控制黑腐病非常有效。Nova（myclobutanil）以IMMUNOX FUNGICIDE的形式提供，含有1.55%的myclobutanil，应该对控制黑腐病有效。,https://yezhiaigc.oss-cn-guangzhou.aliyuncs.com/leaf/330px-Guignardia_bidwellii_08.jpg
13,葡萄:艾斯卡 | 黑斑病,葡萄藤黑斑病，也称为艾斯卡、黑斑病或西班牙斑病，长期以来一直困扰着葡萄种植者，其症状表现隐秘，并且长期以来缺乏可识别的病原体。名称“斑病”指的是果实表面发现的浅表斑点（图1）。在生长季节，这些斑点可能会在果皮表面融合，使浆果看起来呈黑色。斑点可以在果实设置和收获前几天之间的任何时间发展。在果实设置时受影响的浆果通常不会成熟，而是会枯萎和干燥。此外，季节后期受影响的果实也会有一种辛辣的味道。叶片症状在感染严重时表现为“虎纹”模式（图2-下叶）。轻微感染可以产生叶片症状（图2-上叶），这些症状可能与其他疾病或营养缺乏症混淆。白色品种会显示出氯osis的区域，随后是坏死，而红色品种则以红色区域和坏死为特征。早春症状包括芽尖枯萎、叶片变色以及在严重情况下的完全落叶。,迄今为止，没有有效的方法来控制这种疾病。移除感染的浆果、叶子和树干并销毁它们。保护修剪伤口以减少真菌感染，使用伤口密封剂（5%硼酸与丙烯酸漆混合）或精油或合适的杀真菌剂。,https://yezhiaigc.oss-cn-guangzhou.aliyuncs.com/leaf/Symptoms-associated-with-esca-of-grapevine-chlorosis-and-necrosis-on-the-leaves-showing_Q320.jpg
14,葡萄:叶枯病 | 伊萨里奥普斯叶斑病,"这种真菌是一种专性病原体，可以攻击藤蔓的所有绿色部分。
这种疾病的症状常常与白粉病的症状混淆。感染的叶子会发展出淡黄色-绿色的病斑，逐渐变成棕色。严重感染的叶子常常提前掉落。感染的叶柄、卷须和嫩枝常常卷曲，形成牧羊人的弯曲，最终变成棕色并死亡。幼果对感染高度敏感，常常被真菌的白色果实结构覆盖。感染的老浆果在白色品种中可能变成暗灰绿色，而在黑色品种中则变成粉红色。","施用休眠喷雾以减少病原水平。
剪掉它。
打开那片树冠。
不要放松你的防御。
早期侦察，频繁侦察。
使用保护性和系统性杀真菌剂。
考虑杀真菌剂的抗药性。
关注天气。",https://yezhiaigc.oss-cn-guangzhou.aliyuncs.com/leaf/Black-rot-lesions-on-leaves-indicate-potential-for-fruit-infection-1-feat2.jpg
15,葡萄:健康,仅对根区施水。避免让葡萄叶片变湿，因为这可能会促进许多葡萄病害。减少秋季对幼藤的浇水，以促使植物硬化其枝条，为冬季做准备。老藤通常不需要浇水，除非在沙土或其他非常排水良好的土壤中。,"富含营养，尤其是维生素C和K。
高抗氧化成分可能预防慢性疾病。
植物化合物可能保护免受某些类型癌症的影响。
对心脏健康有多种显著益处。
可能降低血糖水平并保护免受糖尿病的影响。",https://yezhiaigc.oss-cn-guangzhou.aliyuncs.com/leaf/grapes-1200.jpg
16,橙子:黄龙病 | 柑橘黄化病,柑橘黄化病是一种由媒介传播的病原体引起的柑橘病害。HLB的典型症状是叶脉及其周围组织的黄化；随后是整个叶片的斑驳黄化、提前落叶、枝条枯萎、细根和侧根的腐烂，以及生长活力的下降，最终导致整株植物的死亡。受影响的树木生长受阻，开出多朵非季节性花朵（大多数会掉落），并且结出小而不规则的果实，果皮厚且呈苍白色，底部保持绿色，味道非常苦。常见症状常常与营养缺乏症相混淆；然而，营养缺乏症的区分因素在于对称模式。营养缺乏症往往在叶脉边缘呈对称分布，而HLB则在叶脉周围呈不对称黄化。HLB最明显的症状是果实的黄化和生长受阻，尤其是在成熟后。,防止柑橘黄龙病传播的唯一方法是控制ACP（亚洲柑橘蚜虫）。由于柑橘是如此受欢迎且广泛种植的园艺树，房主们在这场重要斗争中处于前线。用Neem油杀虫剂喷洒柠檬树，喷洒叶片的正面和背面。根据虫害的严重程度，您可能需要在10-14天后重复处理。随后用液体铜杀菌剂处理霉菌生长。,https://yezhiaigc.oss-cn-guangzhou.aliyuncs.com/leaf/CitrusGreening.jpg
17,桃子:细菌性斑点,细菌性斑点是由黄单胞菌（Xanthomonas campestris pv. pruni）引起的桃子、油桃、杏子和李子的一个重要病害。该病害的症状包括果实斑点、叶片斑点和枝条干腐。果实症状包括凹陷、裂开、树胶分泌和水浸组织，这些症状会使果实更容易受到褐腐、根腐和其他真菌感染的影响。严重的叶斑感染可能导致早期落叶。严重的落叶会导致果实大小减少，以及果实的日灼和裂开。早期落叶的树木在生长力和冬季抗寒性方面都会减弱。,细菌性斑点的果实症状可能与由真菌克拉多斯波里乌姆·卡尔波菲利姆（Cladosporium carpophyllium）引起的桃子斑点混淆，然而斑点更为圆形，呈深棕色/绿色的毛茸茸外观，并且不会使果实表面凹陷，尽管可能会发生果皮裂开。疮痂病不会导致叶片症状，但会在树枝上造成斑点。细菌性斑点的初始果实斑点可能是表面的，但会发展成坑洞。,https://yezhiaigc.oss-cn-guangzhou.aliyuncs.com/leaf/17.jpg
18,桃子:健康,桃树生长在美国农业部的5到8或9区，并且有矮生或标准尺寸可供选择，使其成为后院果园的绝佳选择。与大多数观赏植物不同，桃树需要定期修剪、施肥和喷洒以保持健康和高产。保持树周围的土地清洁，去除与水分和养分竞争的草和杂草，并大量覆盖 mulch。,"富含营养和抗氧化剂。
可能有助于消化。
可能改善心脏健康。
可能保护你的皮肤。
可能预防某些类型的癌症。
可能减少过敏症状。
广泛可用，易于添加到你的饮食中。",https://yezhiaigc.oss-cn-guangzhou.aliyuncs.com/leaf/peaches-shutterstock_297863489-1.jpg
19,甜椒:细菌性斑点,在老叶的下表面出现的小水泡状斑点和在上表面出现的小水浸斑点是细菌性斑点的症状。这是一种在马里兰州重要的辣椒病害。它偶尔也会攻击番茄。最终，斑点会发展成灰色到棕色的中心，周围有较深的边缘。病斑在温暖潮湿的天气中会扩大。叶子可能会变黄，然后变棕并掉落。病斑也可能在茎上发展。果实会出现小的、凸起的粗糙斑点，但不会影响食用质量。严重感染的叶子会掉落，导致辣椒的日灼。细菌性叶斑病通过飞溅的雨水和处理湿的感染植物传播。这种病害在潮湿天气中可能导致植物落叶。炎热干燥的天气会减缓这种病害的传播。这种病害可以通过种子或移植苗传播，并可以在作物残留物和土壤中越冬。,"选择抗病品种
购买无病种子和移植苗。
将种子浸泡在10%的氯漂白水溶液中（1份漂白水；9份水）2分钟。在种植前彻底冲洗种子并晾干。
用厚厚的有机材料如报纸覆盖稻草或草屑深度覆盖植物。
避免 overhead 浇水。
在季末移除并丢弃严重感染的植物部分和所有残骸。
每10-14天喷洒一次固定铜（有机杀菌剂）以减缓感染的传播。
如果感染严重，将辣椒轮作到不同的位置，并在种植前用黑色塑料覆盖土壤或黑色景观布。",https://yezhiaigc.oss-cn-guangzhou.aliyuncs.com/leaf/19.jpg
20,甜椒:健康,保持甜椒充分浇水，但绝不要让土壤过于潮湿。浇水以使土壤约6英寸深湿润，然后稍微让其干燥。在果实形成期间，浇水尤其重要，此时小甜椒取代了花朵，并且在甜椒成熟时也需要浇水。持续的湿度有助于保持甜椒的坚实和健康。,红色、橙色和黄色甜椒富含健康益处？它们富含维生素且热量低！它们是维生素A、维生素C和钾的极好来源。甜椒还含有丰富的纤维、叶酸和铁。,https://yezhiaigc.oss-cn-guangzhou.aliyuncs.com/leaf/20.jpg
21,土豆:早疫病,在大多数生产地区，早疫病每年都会在某种程度上发生。早疫病的严重程度取决于雨水、露水或灌溉造成的叶面湿度频率；叶片的营养状况；以及品种的易感性。早疫病的首个症状表现为老叶（下部叶片）上出现小的、圆形或不规则的深棕色至黑色斑点。这些斑点可扩大至3/8英寸直径，并逐渐可能变成角形。年轻、完全展开的叶片上的初始病斑可能与褐斑病病斑混淆。这些初始病斑在感染后约两到三天出现，随后在这些病斑表面进一步孢子形成发生在三到五天后。,早期枯萎病的治疗包括通过种植对该病害具有抗性的土豆品种来进行预防；晚熟品种比早熟品种更具抗性。避免顶部灌溉，并在植物之间留出足够的通风空间，以便叶片尽快干燥。,https://yezhiaigc.oss-cn-guangzhou.aliyuncs.com/leaf/21.jpg
22,土豆:晚疫病,主要宿主是土豆，但晚疫病菌（P. infestans）也可以感染其他茄科植物，包括番茄、矮牵牛和毛夜shade，这些植物可以作为土豆的病原源。田间晚疫病的首个症状是小的、浅绿色到深绿色、圆形到不规则形状的水浸斑点。这些病斑通常首先出现在下部叶片上。病斑通常在叶尖或边缘附近开始发展，那里露水保留时间最长。在凉爽潮湿的天气中，这些病斑迅速扩展成大而深棕色或黑色的病斑，通常呈现油腻的外观。叶片病斑通常被黄色的氯osis光环包围。,严重的晚疫病可以通过在0.25%的浓度下预防性喷洒甲霜灵有效管理，随后在疾病初期使用0.3%的氟菌唑或二甲霜灵。在系统性杀菌剂施用后七天，再次喷洒0.25%的甲霜灵。 ,https://yezhiaigc.oss-cn-guangzhou.aliyuncs.com/leaf/22.jpg
23,土豆:健康,许多土豆需要持续的水分水平以便发育，因此在块茎建立时要定期浇水，最好每天浇水。当你给土豆植物浇水时，水应该达到约8-10英寸的土壤深度。在炎热或温暖的季节，土豆植物需要大量浇水，每天浇水两次，因为土壤很快会变干。,"富含营养。分享在Pinterest上。
含有抗氧化剂。土豆富含类黄酮、类胡萝卜素和酚酸等化合物（4）。
可能改善血糖控制。
可能改善消化健康。
天然无麸质。
极具饱腹感。
极其多功能。",https://yezhiaigc.oss-cn-guangzhou.aliyuncs.com/leaf/can-you-eat-potato-leaves.jpg
24,覆盆子:健康,每周浇水一英寸，从春季直到收获后。定期浇水比不定期的深层浇水要好。通过挖掉任何“萌芽”来保持你的覆盆子灌木整洁。或者远离行生长的“茎”；如果你不挖掉它们，它们会吸收养分，导致明年果实减少。,它们提供钾，对心脏功能至关重要，并已被证明可以降低血压。覆盆子中的ω-3脂肪酸有助于预防中风和心脏病。它们还含有一种叫锰的矿物质，这对健康的骨骼和皮肤是必要的，并有助于调节血糖。,https://yezhiaigc.oss-cn-guangzhou.aliyuncs.com/leaf/24.jpg
25,大豆:健康,在大豆出土之前，保持种植床均匀湿润。在开花和荚果形成期间定期浇水。避免 overhead 浇水，这可能导致花和荚果掉落。当土壤温度超过60°F (16°C) 时，覆盖 mulch 以保持土壤湿润。,"高纤维
高蛋白
低饱和脂肪
无胆固醇
无乳糖
是ω-3脂肪酸的良好来源
是抗氧化剂的来源
高植物雌激素。",https://yezhiaigc.oss-cn-guangzhou.aliyuncs.com/leaf/25.jpg
26,南瓜:白粉病,"白色粉状斑点可以在叶子的上下表面形成，并迅速扩展成大斑块。
白粉病削弱植物，导致果实过早成熟。感染植物上结出的果实更少且更小。
在温暖、干燥的条件下，新孢子形成并容易传播疾病。
在明尼苏达州，白粉病的症状通常在夏季中后期首次出现。
通过适当的间距、支撑植物和控制杂草来提供良好的空气流通。
如果在过去白粉病导致产量损失的地区种植了易感品种，可能需要使用杀真菌剂。",将一汤匙小苏打和半茶匙液体非洗涤剂肥皂与一加仑水混合，并将混合物大量喷洒在植物上。漱口水。您每天使用的漱口水可以有效杀死口腔中的细菌，也可以有效杀死白粉病孢子。,https://yezhiaigc.oss-cn-guangzhou.aliyuncs.com/leaf/powdery-mildew-2.jpg
27,草莓:叶烧,叶烧的症状与常见（Mycosphaerella）叶斑病的早期阶段非常相似，叶片上表面散布着不规则的深紫色斑点。随着斑点的扩大，它们开始看起来像沥青滴，实际上是该真菌的黑色果实体（小孢子囊）的积累。斑点的中心保持紫色（在Mycosphaerella叶斑病中则为白色），且没有明显的病变边界。在严重感染的情况下，这些区域会融合，病变之间的组织通常呈现紫色到亮红色，这取决于品种、温度或其他因素。叶子最终变成棕色，干枯，并在边缘卷曲，给叶子带来烧焦的外观。检查小孢子囊和分生孢子的形态可以帮助在疾病的这一晚期阶段区分叶斑病和叶烧。在叶焦病损伤的上表面，黑色的小孢子囊上有闪亮的孢子团和黑色的子囊果。叶柄病变呈长条状，凹陷，颜色为紫褐色，可能通过环绕叶柄而导致叶片死亡。匍匐茎、果梗、果实和果帽也可能受到感染。植物可能变得虚弱，冠的数量和活力减少。感染使植物容易受到冬季和干旱的压力。在严重的感染情况下，花和果实可能会死亡。,虽然草莓植物上的叶焦病可能令人沮丧，但家庭园丁可以采取一些策略来帮助防止其在花园中的传播。草莓叶焦病控制的主要手段应始终是预防。由于这种真菌病原体在感染植物的落叶上越冬，因此适当的园艺卫生至关重要。这包括清除草莓园中的感染植物残骸，以及频繁建立新的草莓移植。新种植和草莓园的创建是维持稳定草莓收成的关键，因为老植物更容易出现严重感染的迹象。,https://yezhiaigc.oss-cn-guangzhou.aliyuncs.com/leaf/17531_IMG_2126.jpg
28,草莓:健康,"为它们找到一个阳光明媚的地方，因为它们喜欢并需要大量的光照。我更喜欢让它们接受早晨的阳光。
如果你把它们放在花盆或其他容器中，白天移动它们以利用变化的阳光是个好主意。
它们是需要水的植物。每天给它们浇水，特别是在它们结果时。最好在早晨浇水，并避免湿润叶子以预防疾病。
保护它们免受极端天气和风的影响。请注意，即使它们喜欢阳光，暴露在正午的直射阳光下也可能造成伤害。
检查花盆是否有良好的排水。
保持杂草和不需要的植物的控制。
你需要给它们施肥，因为它们需要大量的能量来生产草莓。购买一种平衡肥料（10-10-10，12-12-12等）。遵循说明，因为过多的肥料会降低果实产量，并且可能还会刺激匍匐茎的产生。","草莓心形的轮廓是这种水果对你有益的第一个线索。这些强效的小包裹保护你的心脏，增加 HDL（好）胆固醇，降低血压，并防止癌症。
草莓富含维生素、纤维，尤其是高水平的抗氧化剂，称为多酚，是一种无钠、无脂肪、无胆固醇、低热量的食物。它们是抗氧化能力排名前20的水果之一，也是锰和钾的良好来源。仅一份——大约八颗草莓——提供的维生素 C 比一个橙子还要多。",https://yezhiaigc.oss-cn-guangzhou.aliyuncs.com/leaf/28.jpg
29,番茄:细菌斑点,番茄的细菌斑点是一种潜在的毁灭性疾病，在严重情况下，可能导致果实无法上市，甚至导致植物死亡。 细菌斑点可以在任何种植番茄的地方发生，但在温暖潮湿的气候以及温室中最为常见。 该疾病在威斯康星州常常成为一个问题。细菌斑点可以影响番茄植物的所有地上部分，包括叶子、茎和果实。 细菌斑点在叶子上表现为小（小于 ? 英寸）、有时呈水浸状（即湿润外观）的圆形区域。 斑点最初可能是黄绿色的，但随着时间的推移会变成棕红色。当疾病严重时，广泛的叶子变黄和叶子脱落也可能发生。 在绿色果实上，斑点通常小而隆起，呈水泡状，并可能有黄色光环。 随着果实成熟，斑点增大（达到最大尺寸 ? 英寸）并变成棕色、结痂和粗糙。 成熟的斑点可能是隆起的，或者是凹陷的并带有隆起的边缘。,使用无病原体的种子或移植苗，以防止通过受污染的种子或幼苗引入细菌斑点病原体。 如果没有干净的种子来源，或者你怀疑种子被污染，可以将种子浸泡在122华氏度的水中25分钟，以杀死病原体。 为了保持叶片干燥并防止病原体传播，避免对已建立的植物进行头顶浇水（例如，使用喷嘴或喷头），而应使用滴灌带或浸泡软管。 同样为了防止传播，切勿在植物潮湿时（例如，露水）处理植物，并定期用10%的漂白水溶液或（更好）70%的酒精（例如，擦拭酒精）消毒工具。 在细菌斑点病反复出现的地方，考虑在温暖潮湿的时期使用注册用于番茄的铜基产品进行预防性喷洒。 然而，请记住，如果过度或长时间使用，铜可能无法再控制该疾病。 请务必阅读并遵循您选择的产品的所有标签说明，以确保您以最安全和最有效的方式使用它。,https://yezhiaigc.oss-cn-guangzhou.aliyuncs.com/leaf/bacterial_spot_tomato.jpg
30,番茄:早期枯萎病,"早期枯萎病是最常见的番茄病害之一，几乎每个生长番茄的季节都会发生。
它影响叶子、水果和茎，并且在使用易感品种和天气条件有利时，可能会严重限制产量。
严重的落叶可能会发生，并导致果实日灼
早期枯萎病在明尼苏达州的田间和高拱棚番茄生产中都很常见。
",修剪或用木桩固定植物，以改善空气流通，减少真菌问题。每次修剪后，一定要对修剪剪进行消毒（1份漂白剂兑4份水）。保持植物下的土壤清洁，没有花园垃圾。加一层有机堆肥，防止孢子溅回植被上。滴灌和浸泡软管可用于帮助保持树叶干燥。为了达到最佳控制效果，在疾病通常出现前两周或天气预报预测将有长时间的潮湿天气时，尽早使用铜基杀菌剂。或者，在疾病首次出现时开始治疗，并根据需要每7-10天重复一次。Bonide?花园粉尘含有铜和除虫菊酯，是一种安全的一步控制方法，可以解决许多昆虫攻击和真菌问题。为了获得最佳效果，用均匀的薄膜或灰尘覆盖叶子的顶部和底部。根据树叶密度，10盎司将覆盖625平方英尺。根据需要，每7-10天重复一次。,https://yezhiaigc.oss-cn-guangzhou.aliyuncs.com/leaf/early-blight-leaf-tomato.jpg
31,番茄:晚疫病,"晚疫病是由卵菌 Phytophthora infestans 引起的。卵菌是一种类真菌的生物，也被称为水霉，但它们并不是真正的真菌。
P. infestans 有许多不同的菌株。这些被称为克隆谱系，并用数字代码（例如 US-23）标识。许多克隆谱系同时影响番茄和土豆，但有些谱系特定于某一宿主。晚疫病是番茄和土豆的一种潜在毁灭性疾病，感染番茄植物的叶子、茎和果实。该疾病在田间迅速传播，如果不加以控制，可能导致完全的作物失败。土豆的晚疫病导致了19世纪40年代末的爱尔兰土豆饥荒。",卫生是控制番茄晚疫病的第一步。清理花园区域内的所有残骸和落果。这在温暖地区尤为重要，因为在这些地方，延长的冰冻天气不太可能发生，晚疫病可能在落果中越冬。目前没有任何番茄品种对晚疫病具有抗性，因此植物应至少每周检查两次。由于晚疫病症状在潮湿条件下更容易出现，因此在这些时期应更加小心。对于家庭园丁，含有美克、锰锌、氯噻吨或固定铜的杀真菌剂可以帮助保护植物免受晚疫病的侵害。在整个生长季节中需要重复施用，因为该病可以在任何时候发生。对于有机园丁，有一些固定铜产品获得批准使用；否则，所有感染的植物必须立即移除并销毁。,https://yezhiaigc.oss-cn-guangzhou.aliyuncs.com/leaf/31.jpg
32,番茄:叶霉,"番茄叶霉是一种真菌性疾病，当叶片长时间潮湿且相对湿度高（超过85%）时可能会发展。由于这种湿度要求，该病主要在温室和大棚中出现。番茄叶霉在早春温度（50.9华氏度）或夏季特征温度（90华氏度）下可能会发展。番茄叶霉的最佳温度在低70华氏度。
该病的症状包括上叶表面的黄色斑点。受影响叶片的背面可以看到离散的橄榄绿色孢子团。",在用杀真菌剂处理番茄植物时，务必覆盖植物土壤以上的所有区域，特别是叶子的背面，因为疾病通常在这里形成。推荐使用氯化钙喷雾来处理叶霉问题。有机杀真菌剂选项也可用。,https://yezhiaigc.oss-cn-guangzhou.aliyuncs.com/leaf/32.jpg
33,番茄:斑点病,斑点病是由真菌Septoria lycopersici引起的。这是番茄叶片最具破坏性的疾病之一，特别是在潮湿天气持续较长时间的地区。斑点病通常在第一次结果后出现在下部叶片上。斑点呈圆形，直径约为1/16到1/4英寸，边缘为深棕色，中心为淡棕色到灰色，并带有小黑色果实结构。特征上，每片叶子上有许多斑点。这种病害从最老的生长向上蔓延到最年轻的生长。如果叶片病斑数量众多，叶子会稍微变黄，然后变棕，最后枯萎。果实感染很少见。,"去除病叶。
改善植物周围的空气流通。
在植物基部覆盖 mulch。覆盖 mulch 可以减少溅起的土壤，这些土壤可能含有与残骸相关的真菌孢子。在土壤变暖后施加 mulch。
不要使用 overhead watering。Overhead watering 促进感染并传播疾病。在植物基部使用浸泡软管，以保持叶片干燥。早晨浇水。
控制杂草。夜shade 和 horsenettle 常常是斑点病的宿主，应在花园周围根除。
使用轮作。明年不要在生病的番茄生长过的同一地点种植番茄。在这些地区重新种植番茄前请等待1至2年。
使用杀真菌喷雾。",https://yezhiaigc.oss-cn-guangzhou.aliyuncs.com/leaf/Septoria_Leaf_Spot_of_Tomato187.jpg
34,番茄:蜘蛛螨 | 双斑蜘蛛螨,双斑蜘蛛螨是新英格兰地区攻击蔬菜和水果作物的最常见螨类物种。蜘蛛螨可以出现在番茄、茄子、土豆、瓜类作物如甜瓜、黄瓜及其他作物中。双斑蜘蛛螨是茄子最重要的害虫之一。它们每年可繁殖多达20代，喜欢过量氮和干燥多尘的环境。爆发通常是由于使用广谱杀虫剂，这会干扰许多自然敌害，从而帮助管理螨类种群。与大多数害虫一样，早期发现问题将意味着更容易控制。,"避免杂草丛生的田地，不要在豆科饲料作物旁边种植茄子。
避免在早季对其他害虫进行广谱杀虫剂喷洒。
不要过量施肥。
顶部灌溉或长时间的降雨可以帮助减少种群。",https://yezhiaigc.oss-cn-guangzhou.aliyuncs.com/leaf/310a.jpg
35,番茄:目标斑点,"该病从老叶开始，并向上蔓延。最初的迹象是不规则形状的斑点（小于1毫米），边缘呈黄色。一些斑点扩大到10毫米，并显示出特征环，因此得名“目标斑点”。斑点迅速传播到所有小叶和其他叶片，导致叶片变黄、崩溃并死亡。茎上也会出现斑点。它们细长且狭窄。果实上也可能出现小的浅棕色斑点，边缘较暗。
孢子通过风吹雨传播，如果连续几天有多风的潮湿天气，传播速度很快，植物会迅速失去叶子。","文化控制非常重要。应采取以下措施:
不要在有病的老作物旁边种植新作物。
尽量远离木瓜种植，特别是如果叶子上有小的角状斑点（照片5）。
检查所有苗圃中的幼苗，丢弃任何有叶斑的幼苗。
从植物的下部去除几根枝条，以便在基部提供更好的气流。
一旦发现疾病，立即去除并焚烧下部叶片，特别是在下部果串被采摘后。
保持地块无杂草，因为一些杂草可能是真菌的宿主。
不要使用顶部灌溉；否则，会创造孢子产生和感染的条件。
在收获完成后，尽可能多地收集并焚烧作物。
实行轮作，留出3年时间再在同一土地上重新种植番茄。",https://yezhiaigc.oss-cn-guangzhou.aliyuncs.com/leaf/Target-Spot-Tomato1.jpg
36,番茄:黄叶卷曲病毒,番茄黄叶卷曲病毒是双子叶植物病毒科（Geminiviridae）中的一种，属于贝戈病毒属（Begomovirus）。番茄黄叶卷曲病毒（TYLCV）感染会导致番茄植物出现严重症状，并在全球范围内造成严重的产量损失。TYLCV由甘蔗白蝇（Bemisia tabaci (Gennadius)）持续传播。种植具有单一或少数抗TYLCV基因的品种和杂交种，通常可以减轻TYLCV引起的损失。这些抗性基因型（品种或杂交种）并不对TYLCV免疫。它们通常会发展系统性感染，表现出轻微症状，并在TYLCV压力下比易感基因型生产更多可销售的番茄。在多个病原系统中，广泛使用具有单一显性抗性基因的抗性品种导致了对病毒的强烈选择压力，发展出高度致病的病毒株，并导致抗性崩溃。,仅使用无病毒和无白蝇的番茄和辣椒移植苗。移植苗应使用Capture（噻虫嗪）或Venom（氟虫腈）处理白蝴蝶成虫，使用Oberon处理卵和若虫。在运输前至少七天，应在移植房中使用噻虫嗪或噻虫嗪。应在整个植物上喷洒噻虫嗪，并喷洒在叶子下面；卵和成虫通常在叶子下面发现。每14-21天喷洒一次，并每月轮换使用阿维菌素，以防止白蝴蝶对化学药剂产生抗药性。,https://yezhiaigc.oss-cn-guangzhou.aliyuncs.com/leaf/10609.jpg
37,番茄:花叶病毒,"番茄花叶病毒 (ToMV) 和烟草花叶病毒 (TMV) 很难区分。
番茄花叶病毒 (ToMV) 会导致番茄植株黄化和矮化，从而导致损失和减产。
ToMV 可能导致果实成熟不均，进一步减少产量。
烟草花叶病毒 (TMV) 曾被认为在番茄上更为常见。
烟草花叶病毒通常是烟草病原体，而不是番茄病原体。叶片上出现浅绿色和深绿色的斑驳。
年轻的番茄叶片呈现浅绿色和深绿色的斑驳，生长受阻，叶片卷曲和畸形。
烟草花叶病毒在番茄幼苗上的症状
如果植物在早期感染，它们可能整体呈现黄色和生长受阻。
叶片可能卷曲、畸形或缩小。","使用经过认证的无病种子或处理自己的种子。
将种子浸泡在10%的磷酸三钠(Na3PO4)溶液中至少15分钟。
或者将干种子加热至158华氏度，并在该温度下保持两到四天。
仅从信誉良好的来源购买移植苗。询问他们用于预防疾病的卫生程序。
在购买前检查移植苗。仅选择没有明显症状的移植苗。
避免在有番茄根部残留物的田地中种植，因为病毒可以在根部长期存活。
在处理植物之前和期间用肥皂和水洗手，以减少植物之间潜在的传播。",https://yezhiaigc.oss-cn-guangzhou.aliyuncs.com/leaf/37.png
38,番茄:健康,在种植前一周以及种植当天施肥。它们特别喜欢磷，这促进了花朵和从中生长的水果或蔬菜的形成。当你的番茄植物开花时，避免高氮肥料，因为它促进藤蔓生长而不是果实生长。不要拥挤番茄幼苗。提供充足的光照。预热花园土壤。埋入茎部。土壤变暖后给番茄覆盖 mulch。去除底部叶子。修剪和捏合以获得更多番茄。定期浇水。,"番茄（Solanum lycopersicum）是来自南美的茄科植物的果实。
尽管在植物学上被视为水果，但它通常像蔬菜一样食用和准备。
番茄是抗氧化剂番茄红素的主要饮食来源，已与许多健康益处相关，包括降低心脏病和癌症的风险。
它们也是维生素C、钾、叶酸和维生素K的良好来源。",https://yezhiaigc.oss-cn-guangzhou.aliyuncs.com/leaf/38.jpg
